{"term": 0.025635526897214156, "int_rate": 0.7456052815308856, "installment": 0.02555219005793056, "grade": 0.6260929742129465, "home_ownership": 0.045632822957030035, "annual_inc": 0.027448174920161016, "verification_status": 0.07709458372611208, "purpose": 0.06413692104689872, "addr_state": 0.05635392698246072, "dti": 0.06327429494413273, "inq_last_6mths": 0.07440894474264803, "revol_util": 0.030075770846481817, "initial_list_status": 0.11768459493784522, "out_prncp": 0.6624794159580097, "out_prncp_inv": 0.6626652709282557, "total_rec_int": 0.09670672665723638, "last_pymnt_amnt": 0.15432803553205798, "tot_cur_bal": 0.03529364954737204, "total_rev_hi_lim": 0.06822585103266277, "months_since_issue_d_last_pymnt_d": 0.24012545191426596, "months_since_last_pymnt_d_last_credit_pull_d": 2.6030908199433864, "months_since_issue_d_last_credit_pull_d": 1.0731082074729683}