{"term": 0.022211370226359196, "installment": 0.03265914694254744, "grade": 0.6648703261375846, "home_ownership": 0.05312612412503612, "verification_status": 0.08067744238810456, "purpose": 0.07073551610824622, "dti": 0.0808782807873024, "inq_last_6mths": 0.07509282169566389, "revol_bal": 0.04181456811580306, "revol_util": 0.04357646374008979, "initial_list_status": 0.12619288159329206, "out_prncp": 0.6462970435760822, "out_prncp_inv": 0.6464319499159005, "total_rec_int": 0.11696431548959572, "last_pymnt_amnt": 0.16022797647864925, "tot_cur_bal": 0.04798043090138062, "total_rev_hi_lim": 0.0849536947982105, "months_since_earliest_cr_line": 0.054029820253898214, "months_since_issue_d_last_pymnt_d": 0.3561385914145989, "months_since_last_pymnt_d_last_credit_pull_d": 2.6367427884522088, "months_since_issue_d_last_credit_pull_d": 1.0376181056665623}