{"amt_credit": 0.09501372690093018, "amt_annuity": 0.049658819720444336, "amt_goods_price": 0.10904531789789469, "name_income_type": 0.062341509494547795, "name_education_type": 0.07464340768655821, "region_population_relative": 0.05277510965885592, "days_employed": 0.13358799928720597, "days_registration": 0.05186768787824602, "days_id_publish": 0.05826758989164521, "own_car_age": 0.037340537740858507, "flag_emp_phone": 0.036638808336572154, "occupation_type": 0.10241570112027684, "region_rating_client": 0.06901173719754597, "region_rating_client_w_city": 0.07200515256136414, "reg_city_not_work_city": 0.03585850693582403, "organization_type": 0.09156397383972166, "ext_source_1": 0.14610684259171947, "ext_source_2": 0.385184746875225, "ext_source_3": 0.3903212420471953, "apartments_avg": 0.03777485963422075, "basementarea_avg": 0.034334789128143126, "years_beginexpluatation_avg": 0.03390243437377494, "elevators_avg": 0.03467042867341654, "entrances_avg": 0.03434748687084039, "floorsmax_avg": 0.04470521604611137, "livingarea_avg": 0.03884259941624284, "apartments_mode": 0.03483129639752645, "basementarea_mode": 0.03078301819721836, "years_beginexpluatation_mode": 0.033710173106047424, "elevators_mode": 0.032404795583558944, "entrances_mode": 0.03428964389259346, "floorsmax_mode": 0.04365708471234361, "livingarea_mode": 0.03386291390941801, "apartments_medi": 0.03656808081853667, "basementarea_medi": 0.034022962196272655, "years_beginexpluatation_medi": 0.034058583136179224, "elevators_medi": 0.03432697409745867, "entrances_medi": 0.0347168320657707, "floorsmax_medi": 0.043005331401616595, "livingarea_medi": 0.038670675748478676, "totalarea_mode": 0.03881701509884904, "days_last_phone_change": 0.07824887897640989, "flag_document_3": 0.034418173927843854, "sk_id_prev_count": 0.04582850333470118, "sk_dpd_def_max": 0.03453267394440635, "sk_dpd_def_sum": 0.03311047568455735, "amt_credit_sum_debt_sum": 0.044433739704419564, "amt_credit_sum_limit_sum": 0.03649214478101776, "amt_balance_avg_avg": 0.06653574017266388, "amt_drawings_atm_current_avg_avg": 0.03213016914263267, "amt_drawings_current_avg_avg": 0.06096366738216598, "amt_inst_min_regularity_avg_avg": 0.045574361063830296, "amt_receivable_principal_avg_avg": 0.06305532956760065, "amt_recivable_avg_avg": 0.06624754776231392, "amt_total_receivable_avg_avg": 0.06614243868592226, "cnt_drawings_atm_current_avg_avg": 0.058157372568384075, "cnt_drawings_current_avg_avg": 0.07303263004876569, "cnt_drawings_pos_current_avg_avg": 0.03368552410426095, "cnt_instalment_mature_cum_avg_avg": 0.05475484362070218, "installment_paiement_delay_min_min": 0.03745940419657383, "amount_instalment_difference_max_max": 0.03976257138498328, "amount_instalment_difference_avg_avg": 0.05352979761472602, "prev_amt_annuity_sum": 0.03310320794792146, "prev_amt_application_sum": 0.04343802571451915, "prev_amt_down_payment_sum": 0.0730737972914318, "prev_rate_down_payment_avg": 0.03337572811857922, "prev_days_decision_avg": 0.06540563549607942, "prev_days_first_drawing_avg": 0.03892301111917683, "prev_days_first_due_avg": 0.043178959388156996, "prev_days_last_due_1st_version_avg": 0.052777226374593034}